kode_lokasi,nama_fasilitas,jumlah
PR-TI,Toko,7
PR-TI,Kios,816
PR-TI,Los/Meja Batu,2332
PR-TI,Counter,83
PR-TI,PKL,7
PR-TI,Musholla / Mesjid,2
PR-TI,Pos Kesehatan / Klinik,1
PR-TI,TPA / Ruangan Ibu Menyusui,1
PR-TI,Cool Storage,4
PR-TI,Kantor,4
PR-TI,Pos Keamanan,2
PR-TI,Pos Pemadam Kebakaran,1
PR-TI,Toilet Umum,24
PR-TI-BLOK-I,Kios,369
PR-TI-BLOK-I,Los/Meja Batu,326
PR-TI-BLOK-I,Counter,68
PR-TI-BLOK-I,Toilet Umum,4
PR-TI-BLOK-I-L1,Kios,239
PR-TI-BLOK-I-L1,Toilet Umum,2
PR-TI-BLOK-I-L2,Los/Meja Batu,326
PR-TI-BLOK-I-L2,Counter,68
PR-TI-BLOK-I-L2,Toilet Umum,1
PR-TI-BLOK-I-L3,Kios,130
PR-TI-BLOK-I-L3,Toilet Umum,1
PR-TI-BLOK-I-L4,PKL,1
PR-TI-BLOK-II,Kios,297
PR-TI-BLOK-II,Los/Meja Batu,669
PR-TI-BLOK-II,Counter,6
PR-TI-BLOK-II,PKL,7
PR-TI-BLOK-II,TPA / Ruangan Ibu Menyusui,1
PR-TI-BLOK-II,Cool Storage,1
PR-TI-BLOK-II,Pos Keamanan,2
PR-TI-BLOK-II,Toilet Umum,5
PR-TI-BLOK-II-BASEMENT,Kios,172
PR-TI-BLOK-II-BASEMENT,Counter,6
PR-TI-BLOK-II-BASEMENT,PKL,7
PR-TI-BLOK-II-BASEMENT,Toilet Umum,1
PR-TI-BLOK-II-L1,Kios,125
PR-TI-BLOK-II-L1,Los/Meja Batu,233
PR-TI-BLOK-II-L1,Toilet Umum,1
PR-TI-BLOK-II-L2,Los/Meja Batu,436
PR-TI-BLOK-II-L2,Toilet Umum,1
PR-TI-BLOK-II-L3,TPA / Ruangan Ibu Menyusui,1
PR-TI-BLOK-II-L3,Cool Storage,1
PR-TI-BLOK-II-L3,Pos Keamanan,1
PR-TI-BLOK-II-L3,Toilet Umum,1
PR-TI-BLOK-II-L3,Ruang Lainnya,1
PR-TI-BLOK-II-L4,Pos Keamanan,1
PR-TI-BLOK-II-L4,Toilet Umum,1
PR-TI-BLOK-III,Kios,115
PR-TI-BLOK-III,Los/Meja Batu,768
PR-TI-BLOK-III,Counter,9
PR-TI-BLOK-III,Musholla / Mesjid,1
PR-TI-BLOK-III,Kantor,3
PR-TI-BLOK-III,Toilet Umum,8
PR-TI-BLOK-III-BASEMENT,Kios,25
PR-TI-BLOK-III-BASEMENT,Los/Meja Batu,275
PR-TI-BLOK-III-BASEMENT,Counter,9
PR-TI-BLOK-III-BASEMENT,Ruang Lainnya,2
PR-TI-BLOK-III-L1,Kios,76
PR-TI-BLOK-III-L1,Los/Meja Batu,180
PR-TI-BLOK-III-L1,Toilet Umum,2
PR-TI-BLOK-III-L2,Kios,14
PR-TI-BLOK-III-L2,Los/Meja Batu,313
PR-TI-BLOK-III-L2,Toilet Umum,2
PR-TI-BLOK-III-L3,Musholla / Mesjid,1
PR-TI-BLOK-III-L3,Kantor,2
PR-TI-BLOK-III-L3,Toilet Umum,2
PR-TI-BLOK-III-L3,Ruang Lainnya,23
PR-TI-BLOK-III-L4,Kantor,1
PR-TI-BLOK-III-L4,Toilet Umum,2
PR-TI-BLOK-IV,Toko,7
PR-TI-BLOK-IV,Los/Meja Batu,402
PR-TI-BLOK-IV,Cool Storage,3
PR-TI-BLOK-IV,Kantor,1
PR-TI-BLOK-IV,Toilet Umum,6
PR-TI-BLOK-IV-L1,Toko,7
PR-TI-BLOK-IV-L1,Los/Meja Batu,104
PR-TI-BLOK-IV-L1,Cool Storage,2
PR-TI-BLOK-IV-L1,Toilet Umum,3
PR-TI-BLOK-IV-L2,Los/Meja Batu,168
PR-TI-BLOK-IV-L2,Cool Storage,1
PR-TI-BLOK-IV-L2,Toilet Umum,1
PR-TI-BLOK-IV-L3,Los/Meja Batu,130
PR-TI-BLOK-IV-L3,Kantor,1
PR-TI-BLOK-IV-L3,Toilet Umum,2
PR-TI-BLOK-IV-L4,Toilet Umum,1
PR-TI-BLOK-BAGONJONG,Kios,35
PR-TI-BLOK-BAGONJONG,Los/Meja Batu,167
PR-TI-BLOK-BAGONJONG,Musholla / Mesjid,1
PR-TI-BLOK-BAGONJONG,Pos Kesehatan / Klinik,1
PR-TI-BLOK-BAGONJONG,Pos Pemadam Kebakaran,1
PR-TI-BLOK-BAGONJONG,Toilet Umum,1
PR-TII,Toko,966
PR-TII,Los/Meja Batu,652
PR-TII,PKL,108
PR-TII,Musholla / Mesjid,2
PR-TII,Pos Kesehatan / Klinik,1
PR-TII,ATM,1
PR-TII,TPA / Ruangan Ibu Menyusui,3
PR-TII,Kantor,2
PR-TII,Pos Keamanan,2
PR-TII,Toilet Umum,18
PR-TII,Ruang Lainnya,8
PR-TII-FI,Toko,159
PR-TII-FI,PKL,31
PR-TII-FI-LANTAI-1,Toko,105
PR-TII-FI-LANTAI-1,PKL,31
PR-TII-FI-LANTAI-2,Toko,54
PR-TII-FII,Toko,165
PR-TII-FII,PKL,17
PR-TII-FII,Toilet Umum,1
PR-TII-FII-LANTAI-1,Toko,91
PR-TII-FII-LANTAI-1,PKL,17
PR-TII-FII-LANTAI-2,Toko,74
PR-TII-FII-LANTAI-2,Toilet Umum,1
PR-TII-FIII,Toko,163
PR-TII-FIII,PKL,17
PR-TII-FIII-LANTAI-1,Toko,108
PR-TII-FIII-LANTAI-1,PKL,17
PR-TII-FIII-LANTAI-2,Toko,55
PR-TII-FIV,Toko,200
PR-TII-FIV,PKL,31
PR-TII-FIV,ATM,1
PR-TII-FIV-LANTAI-1,Toko,124
PR-TII-FIV-LANTAI-1,PKL,31
PR-TII-FIV-LANTAI-2,Toko,76
PR-TII-FIV-LANTAI-2,ATM,1
PR-TII-FV,Toko,122
PR-TII-FV,PKL,3
PR-TII-FV-LANTAI-1,Toko,61
PR-TII-FV-LANTAI-1,PKL,3
PR-TII-FV-LANTAI-2,Toko,61
PR-TII-FVI,Toko,123
PR-TII-FVI,PKL,9
PR-TII-FVI,Toilet Umum,4
PR-TII-FVI-LANTAI-1,Toko,65
PR-TII-FVI-LANTAI-1,PKL,9
PR-TII-FVI-LANTAI-1,TPA / Ruangan Ibu Menyusui,1
PR-TII-FVI-LANTAI-1,Kantor,1
PR-TII-FVI-LANTAI-1,Pos Keamanan,1
PR-TII-FVI-LANTAI-1,Pos Pemadam Kebakaran,1
PR-TII-FVI-LANTAI-1,Toilet Umum,4
PR-TII-FVI-LANTAI-2,Toko,58
PR-TII-FVII,Los/Meja Batu,652
PR-TII-FVII,Musholla / Mesjid,1
PR-TII-FVII,Pos Kesehatan / Klinik,1
PR-TII-FVII,TPA / Ruangan Ibu Menyusui,3
PR-TII-FVII,Kantor,2
PR-TII-FVII,Pos Keamanan,2
PR-TII-FVII,Toilet Umum,12
PR-TII-FVII,Ruang Lainnya,8
PR-TII-FVII-SEMI-BASEMENT,Los/Meja Batu,620
PR-TII-FVII-SEMI-BASEMENT,Musholla / Mesjid,1
PR-TII-FVII-SEMI-BASEMENT,TPA / Ruangan Ibu Menyusui,1
PR-TII-FVII-SEMI-BASEMENT,Kantor,1
PR-TII-FVII-SEMI-BASEMENT,Pos Keamanan,1
PR-TII-FVII-SEMI-BASEMENT,Pos Pemadam Kebakaran,1
PR-TII-FVII-LANTAI-1,Toko,208
PR-TII-FVII-LANTAI-1,Pos Kesehatan / Klinik,1
PR-TII-FVII-LANTAI-1,TPA / Ruangan Ibu Menyusui,2
PR-TII-FVII-LANTAI-1,Kantor,1
PR-TII-FVII-LANTAI-1,Pos Keamanan,1
PR-TII-FVII-LANTAI-1,Pos Pemadam Kebakaran,1
PR-TII-FVII-LANTAI-1,Toilet Umum,4
PR-TII-FVII-LANTAI-1,Ruang Lainnya,2
PR-TII-FVII-LANTAI-2,Toko,96
PR-TII-FVII-LANTAI-2,Los/Meja Batu,32
PR-TII-FVII-LANTAI-2,Toilet Umum,4
PR-TII-FVII-LANTAI-2,Ruang Lainnya,1
PR-TII-FVII-T,Toko,34
PR-TII-FVII-T,Musholla / Mesjid,1
PR-TII-FVII-T,Toilet Umum,1
PR-TII-FVII-T-LANTAI-1,Toko,32
PR-TII-FVII-T-LANTAI-2,Toko,2
PR-TII-FVII-T-LANTAI-2,Musholla / Mesjid,1
PR-TII-FVII-T-LANTAI-2,Toilet Umum,1
PR-B,Toko,1016
PR-B,PKL,96
PR-B,ATM,1
PR-B,Toilet Umum,7
PR-B-T1,Toko,336
PR-B-T1,Toilet Umum,1
PR-B-T1-BLOK-B,Toko,90
PR-B-T1-BLOK-B,Toilet Umum,1
PR-B-T1-BLOK-B-LANTAI-1,Toko,63
PR-B-T1-BLOK-B-LANTAI-1,Toilet Umum,1
PR-B-T1-BLOK-B-LANTAI-2,Toko,27
PR-B-T1-BLOK-C,Toko,196
PR-B-T1-BLOK-C-LANTAI-1,Toko,125
PR-B-T1-BLOK-C-LANTAI-2,Toko,71
PR-B-T1-BLOK-D1,Kios,8
PR-B-T1-BLOK-D1-LANTAI-1,Kios,8
PR-B-T1-BLOK-D2,Kios,21
PR-B-T1-BLOK-D2-LANTAI-1,Kios,21
PR-B-T1-BLOK-E,Kios,21
PR-B-T1-BLOK-E-LANTAI-1,Kios,21
PR-B-T1-BLOK-E-LANTAI-2,Kios,21
PR-B-T2,Kios,104
PR-B-T2,PKL,38
PR-B-T2,Toilet Umum,1
PR-B-T2-MERLIN-LANTAI-1,Kios,68
PR-B-T2-MERLIN-LANTAI-1,PKL,38
PR-B-T2-MERLIN-LANTAI-1,Toilet Umum,1
PR-B-T2-MERLIN-LANTAI-2,Kios,36
PR-B-T3,Kios,119
PR-B-T3,PKL,25
PR-B-T3,ATM,1
PR-B-T3,Toilet Umum,3
PR-B-T3-KOPPAS-LANTAI-1,Kios,106
PR-B-T3-KOPPAS-LANTAI-1,PKL,25
PR-B-T3-KOPPAS-LANTAI-1,Toilet Umum,1
PR-B-T3-KOPPAS-LANTAI-2,Kios,13
PR-B-T3-KOPPAS-LANTAI-2,ATM,1
PR-B-T3-KOPPAS-LANTAI-2,Toilet Umum,1
PR-B-T3-KOPPAS-LANTAI-3,Toilet Umum,1
PR-B-BA,Kios,209
PR-B-BA,PKL,33
PR-B-BA,Toilet Umum,1
PR-B-BA-BLOK-A-LANTAI-1,Kios,149
PR-B-BA-BLOK-A-LANTAI-1,PKL,33
PR-B-BA-BLOK-A-LANTAI-1,Toilet Umum,1
PR-B-BA-BLOK-A-LANTAI-2,Kios,60
PR-B-LAP,Kios,15
PR-B-RAJ,Kios,28
PR-B-RAJ-RAJAWALI-LANTAI-1,Kios,22
PR-B-RAJ-RAJAWALI-LANTAI-2,Kios,6
PR-B-ATOM,Kios,181
PR-B-ATOM,Toilet Umum,1
PR-B-ATOM-LANTAI-1,Kios,93
PR-B-ATOM-LANTAI-1,Toilet Umum,1
PR-B-ATOM-LANTAI-2,Kios,88
PR-B-IPPI,Kios,24
PR-B-IPPI,Toilet Umum,2
PR-B-IPPI-LANTAI-1,Kios,24
PR-B-IPPI-LANTAI-1,Toilet Umum,2
PR-B-PKL,PKL,342
PR-B-PKL-JL-SANDANG-PANGAN-BAGIAN-BARAT,PKL,104
PR-B-PKL-JL-SANDANG-PANGAN-BAGIAN-TIMUR,PKL,108
PR-B-PKL-TWIN-LITE,PKL,83
PR-B-PKL-GANG-BERITA,PKL,13
PR-B-PKL-GANG-RAJAWALI,PKL,22
PR-B-PKL-LETTER-U,PKL,12
P-TK,Toko,73
P-TK,Los/Meja Batu,200
P-TK,PKL,56
P-TK,Musholla / Mesjid,1
P-TK,TPA / Ruangan Ibu Menyusui,1
P-TK,Kantor,1
P-TK,Toilet Umum,1
P-UK,Toko,45
P-UK,Los/Meja Batu,88
P-UK,Musholla / Mesjid,1
P-UK,TPA / Ruangan Ibu Menyusui,1
P-UK,Kantor,1
P-UK,Toilet Umum,2
P-AL,Toko,256
P-AL,Kios,82
P-AL,Los/Meja Batu,139
P-AL,PKL,35
P-AL,Musholla / Mesjid,1
P-AL,TPA / Ruangan Ibu Menyusui,1
P-AL,Kantor,1
P-AL,Toilet Umum,1
P-SH,Toko,94
P-SH,Los/Meja Batu,78
P-SH,PKL,1
P-SH,Musholla / Mesjid,1
P-SH,Kantor,1
P-SH,Toilet Umum,1
P-NG,Toko,65
P-NG,Los/Meja Batu,341
P-NG,PKL,39
P-NG,Kantor,1
P-NG,Toilet Umum,1
P-NG-LANTAI-1,Toko,59
P-NG-LANTAI-1,Los/Meja Batu,188
P-NG-LANTAI-1,PKL,39
P-NG-LANTAI-1,Toilet Umum,1
P-NG-LANTAI-2,Toko,6
P-NG-LANTAI-2,Los/Meja Batu,153
P-NG-LANTAI-2,Kantor,1
P-LB,Toko,240
P-LB,Los/Meja Batu,426
P-LB,PKL,93
P-LB,Kantor,1
P-LB,Toilet Umum,3
P-LB-L1,Toko,198
P-LB-L1,Los/Meja Batu,200
P-LB-L1,PKL,93
P-LB-L1,Toilet Umum,2
P-LB-T12,Los/Meja Batu,96
P-LB-T12-LOS-IKAN,Los/Meja Batu,56
P-LB-T12-LOS-DAGING,Los/Meja Batu,14
P-LB-T12-LOS-AYAM,Los/Meja Batu,26
P-LB-T12-LOS-HASIL-BUMI,Los/Meja Batu,8
P-LB-T12-BAGIAN-SELATAN,Toko,42
P-LB-L2,Los/Meja Batu,226
P-LB-L2,Kantor,1
P-LB-L2,Toilet Umum,1
P-BB,Toko,231
P-BB,Los/Meja Batu,413
P-BB,PKL,37
P-BB,Kantor,1
P-BB,Toilet Umum,2
P-BB-LANTAI-1,Toko,230
P-BB-LANTAI-1,Los/Meja Batu,78
P-BB-LANTAI-1,Toilet Umum,1
P-BB-LANTAI-2,Toko,1
P-BB-LANTAI-2,Los/Meja Batu,335
P-BB-LANTAI-2,PKL,37
P-BB-LANTAI-2,Kantor,1
P-BB-LANTAI-2,Toilet Umum,1
P-BL,Toko,168
P-BL,Kios,21
P-BL,Los/Meja Batu,276
P-BL,PKL,53
P-BL,Musholla / Mesjid,1
P-BL,TPA / Ruangan Ibu Menyusui,1
P-BL,Kantor,1
P-BL,Toilet Umum,4
P-BL,Pos Keamanan,1
